Workbook

Sheet 가정
A1: 변수 | B1: 값 | C1: 단위 | D1: 출처/근거 | E1: 확인 날짜
A2: 일일 운전 시간 | B2: 24 | C2: h | D2: README 0장 (24시간 연속 운전)
A3: 전원 정격 마진 | C3: 비율 (예: 0.3)
A4: 주변 온도 (시험 조건) | C4: °C
A5: 주변광 (시험 조건) | B5: 500 | C5: lux | D5: README 0장 (1차 목표 환경)
A8: 노란 칸 = 입력, 초록 칸 = 계산. 빈 입력은 미확인 변수로 취급한다.

Sheet 전력예산
A1: 부품 | B1: 전원 레일 | C1: 전압 V | D1: 평균 전류 A | E1: 피크 전류 A | F1: 평균 전력 W | G1: 피크 전력 W | H1: 듀티 (0–1) | I1: 동작 시간 h/일 | J1: 유효 평균 W | K1: 일일 에너지 Wh | L1: 출처 (데이터시트/실측) | M1: 확인 날짜 | N1: 비고
A2: 디스플레이 | F2: =IF(OR(C2="",D2=""),"",C2*D2) | G2: =IF(OR(C2="",E2=""),"",C2*E2) | I2: =가정!$B$2 | J2: =IF(OR(F2="",H2=""),"",F2*H2) | K2: =IF(OR(J2="",I2=""),"",J2*I2)
A3: 광학부 (능동 소자 시) | F3: =IF(OR(C3="",D3=""),"",C3*D3) | G3: =IF(OR(C3="",E3=""),"",C3*E3) | I3: =가정!$B$2 | J3: =IF(OR(F3="",H3=""),"",F3*H3) | K3: =IF(OR(J3="",I3=""),"",J3*I3)
A4: 컴퓨팅 보드 | F4: =IF(OR(C4="",D4=""),"",C4*D4) | G4: =IF(OR(C4="",E4=""),"",C4*E4) | I4: =가정!$B$2 | J4: =IF(OR(F4="",H4=""),"",F4*H4) | K4: =IF(OR(J4="",I4=""),"",J4*I4)
A5: 카메라/ToF | F5: =IF(OR(C5="",D5=""),"",C5*D5) | G5: =IF(OR(C5="",E5=""),"",C5*E5) | I5: =가정!$B$2 | J5: =IF(OR(F5="",H5=""),"",F5*H5) | K5: =IF(OR(J5="",I5=""),"",J5*I5)
A6: 햅틱 어레이 | F6: =IF(OR(C6="",D6=""),"",C6*D6) | G6: =IF(OR(C6="",E6=""),"",C6*E6) | I6: =가정!$B$2 | J6: =IF(OR(F6="",H6=""),"",F6*H6) | K6: =IF(OR(J6="",I6=""),"",J6*I6)
A7: 조도 센서 | F7: =IF(OR(C7="",D7=""),"",C7*D7) | G7: =IF(OR(C7="",E7=""),"",C7*E7) | I7: =가정!$B$2 | J7: =IF(OR(F7="",H7=""),"",F7*H7) | K7: =IF(OR(J7="",I7=""),"",J7*I7)
A8: 방열 (팬 등) | F8: =IF(OR(C8="",D8=""),"",C8*D8) | G8: =IF(OR(C8="",E8=""),"",C8*E8) | I8: =가정!$B$2 | J8: =IF(OR(F8="",H8=""),"",F8*H8) | K8: =IF(OR(J8="",I8=""),"",J8*I8)
A9: 안전 인터록 | F9: =IF(OR(C9="",D9=""),"",C9*D9) | G9: =IF(OR(C9="",E9=""),"",C9*E9) | I9: =가정!$B$2 | J9: =IF(OR(F9="",H9=""),"",F9*H9) | K9: =IF(OR(J9="",I9=""),"",J9*I9)
A10: 기타 | F10: =IF(OR(C10="",D10=""),"",C10*D10) | G10: =IF(OR(C10="",E10=""),"",C10*E10) | I10: =가정!$B$2 | J10: =IF(OR(F10="",H10=""),"",F10*H10) | K10: =IF(OR(J10="",I10=""),"",J10*I10)
A12: 합계 유효 평균 전력 W | B12: =SUM(J2:J10)
A13: 합계 피크 전력 W (동시 최악) | B13: =SUM(G2:G10)
A14: 일일 에너지 Wh | B14: =SUM(K2:K10)
A15: 일일 에너지 kWh | B15: =B14/1000
A16: 필요 전원 정격 W (피크 × (1+마진)) | B16: =IF(가정!B3="","마진 미입력",B13*(1+가정!B3))
A17: 미입력 부품 수 (평균 W 없음) | B17: =COUNTBLANK(F2:F10)

Sheet 열
A1: 측정 위치 | B1: 센서 종류 | C1: 허용 온도 °C | D1: 쓰로틀 기준 °C | E1: 차단 기준 °C | F1: 기준 출처 | G1: 24h 시험 최대 °C | H1: 여유 °C | I1: 판정 | J1: 비고
A2: 컴퓨팅 보드 SoC | H2: =IF(OR(C2="",G2=""),"",C2-G2) | I2: =IF(H2="","미측정",IF(H2>=0,"합격","불합격"))
A3: 디스플레이 패널/백라이트 | H3: =IF(OR(C3="",G3=""),"",C3-G3) | I3: =IF(H3="","미측정",IF(H3>=0,"합격","불합격"))
A4: 햅틱 어레이 구동부 | H4: =IF(OR(C4="",G4=""),"",C4-G4) | I4: =IF(H4="","미측정",IF(H4>=0,"합격","불합격"))
A5: 전원 공급 장치 | H5: =IF(OR(C5="",G5=""),"",C5-G5) | I5: =IF(H5="","미측정",IF(H5>=0,"합격","불합격"))
A6: 외함 표면 (사용자 접촉부) | H6: =IF(OR(C6="",G6=""),"",C6-G6) | I6: =IF(H6="","미측정",IF(H6>=0,"합격","불합격"))
A7: 흡기 | H7: =IF(OR(C7="",G7=""),"",C7-G7) | I7: =IF(H7="","미측정",IF(H7>=0,"합격","불합격"))
A8: 배기 | H8: =IF(OR(C8="",G8=""),"",C8-G8) | I8: =IF(H8="","미측정",IF(H8>=0,"합격","불합격"))
A10: 허용·차단 기준은 데이터시트 또는 해당 안전 기준 출처를 반드시 기록한다.
